libero quis orci nullam molestie nibh in lectus pellentesque at nulla,porttitor pede justo eu massa donec dapibus duis at velit eu est congue elementum in hac,15.8,,2021-12-05T05:05:58Z
morbi non lectus aliquam sit amet diam in magna bibendum imperdiet nullam orci pede venenatis non sodales sed,lacinia sapien quis libero nullam sit amet turpis elementum ligula vehicula consequat morbi a ipsum integer a nibh,14.71,,2022-01-12T09:56:52Z
etiam justo etiam pretium iaculis justo in hac habitasse platea dictumst etiam faucibus cursus urna ut tellus nulla ut,in hac habitasse platea dictumst aliquam augue quam sollicitudin vitae consectetuer eget,17.55,87.77,2022-03-31T16:07:09Z
sed tincidunt eu felis fusce posuere felis sed lacus morbi sem mauris laoreet ut rhoncus,ultrices enim lorem ipsum dolor sit amet consectetuer adipiscing elit proin interdum mauris non ligula pellentesque,17.41,,2021-11-03T13:51:50Z
blandit non interdum in ante vestibulum ante ipsum primis in faucibus orci luctus et ultrices posuere cubilia curae duis,habitasse platea dictumst maecenas ut massa quis augue luctus tincidunt nulla mollis,14.17,65.46,2022-03-10T01:04:38Z
ligula pellentesque ultrices phasellus id sapien in sapien iaculis congue vivamus,nulla elit ac nulla sed vel enim sit amet nunc viverra dapibus,17.67,57.19,2022-07-28T10:10:59Z
pharetra magna ac consequat metus sapien ut nunc vestibulum ante ipsum primis in faucibus orci,porta volutpat quam pede lobortis ligula sit amet eleifend pede libero quis orci nullam molestie nibh in lectus,7.13,,2022-01-27T17:37:46Z
volutpat sapien arcu sed augue aliquam erat volutpat in congue etiam justo etiam pretium iaculis justo in hac habitasse,eu magna vulputate luctus cum sociis natoque penatibus et magnis dis,6.95,,2022-04-01T23:44:15Z
iaculis justo in hac habitasse platea dictumst etiam faucibus cursus urna ut tellus nulla ut erat id mauris,mauris laoreet ut rhoncus aliquet pulvinar sed nisl nunc rhoncus dui vel sem sed sagittis nam,7.75,,2022-09-04T10:55:09Z
posuere felis sed lacus morbi sem mauris laoreet ut rhoncus aliquet pulvinar sed,ut at dolor quis odio consequat varius integer ac leo pellentesque ultrices mattis odio donec,10.43,,2022-06-27T14:05:09Z
turpis a pede posuere nonummy integer non velit donec diam neque vestibulum,lacus morbi sem mauris laoreet ut rhoncus aliquet pulvinar sed nisl nunc rhoncus dui vel sem sed sagittis nam congue,6.73,25.2,2022-06-17T10:13:18Z
neque libero convallis eget eleifend luctus ultricies eu nibh quisque id justo sit amet sapien dignissim vestibulum vestibulum,congue diam id ornare imperdiet sapien urna pretium nisl ut volutpat sapien arcu,13.19,87.9,2022-08-08T16:26:11Z
sed ante vivamus tortor duis mattis egestas metus aenean fermentum donec ut mauris eget massa tempor convallis,hac habitasse platea dictumst etiam faucibus cursus urna ut tellus nulla ut erat id,2.04,,2021-12-20T18:13:34Z
porta volutpat erat quisque erat eros viverra eget congue eget semper rutrum,orci eget orci vehicula condimentum curabitur in libero ut massa volutpat convallis morbi,19.62,,2022-03-03T16:41:49Z
et tempus semper est quam pharetra magna ac consequat metus sapien ut nunc vestibulum ante ipsum primis,odio elementum eu interdum eu tincidunt in leo maecenas pulvinar,10.82,70.17,2021-11-16T00:53:15Z
sit amet eros suspendisse accumsan tortor quis turpis sed ante vivamus tortor duis mattis egestas metus,phasellus sit amet erat nulla tempus vivamus in felis eu sapien cursus,16.09,27.52,2022-10-15T13:45:47Z
duis mattis egestas metus aenean fermentum donec ut mauris eget,habitasse platea dictumst maecenas ut massa quis augue luctus tincidunt nulla mollis molestie,19.96,25.62,2022-09-11T01:52:10Z
platea dictumst maecenas ut massa quis augue luctus tincidunt nulla mollis molestie lorem quisque ut erat,neque vestibulum eget vulputate ut ultrices vel augue vestibulum ante ipsum primis in faucibus orci luctus et ultrices,1.98,,2022-04-09T12:03:31Z
luctus nec molestie sed justo pellentesque viverra pede ac diam cras pellentesque volutpat dui maecenas tristique est,purus aliquet at feugiat non pretium quis lectus suspendisse potenti in eleifend quam a odio in hac,2.83,,2022-08-12T14:25:03Z
sem praesent id massa id nisl venenatis lacinia aenean sit amet justo morbi ut odio cras mi pede,sit amet consectetuer adipiscing elit proin risus praesent lectus vestibulum quam sapien,8.38,,2022-01-12T03:10:17Z
duis at velit eu est congue elementum in hac habitasse platea dictumst morbi vestibulum velit id pretium iaculis,pellentesque quisque porta volutpat erat quisque erat eros viverra eget congue eget semper rutrum nulla,9.53,,2022-04-09T16:32:43Z
neque vestibulum eget vulputate ut ultrices vel augue vestibulum ante ipsum primis in faucibus,semper porta volutpat quam pede lobortis ligula sit amet eleifend pede libero,17.66,93.95,2022-01-24T08:58:04Z
neque libero convallis eget eleifend luctus ultricies eu nibh quisque id justo sit,etiam faucibus cursus urna ut tellus nulla ut erat id mauris vulputate elementum nullam varius nulla facilisi cras non velit,5.83,,2022-05-19T11:27:42Z
amet lobortis sapien sapien non mi integer ac neque duis,vehicula consequat morbi a ipsum integer a nibh in quis justo maecenas rhoncus aliquam lacus morbi,5.55,,2022-02-28T22:57:04Z
quis orci nullam molestie nibh in lectus pellentesque at nulla suspendisse potenti cras in,est quam pharetra magna ac consequat metus sapien ut nunc vestibulum ante,11.92,,2022-05-03T13:46:38Z
ut erat id mauris vulputate elementum nullam varius nulla facilisi,vitae consectetuer eget rutrum at lorem integer tincidunt ante vel ipsum,11.55,,2022-03-23T08:18:16Z
quam pede lobortis ligula sit amet eleifend pede libero quis orci nullam molestie nibh in lectus pellentesque,ac nibh fusce lacus purus aliquet at feugiat non pretium quis lectus suspendisse potenti in eleifend,9.61,,2021-11-05T06:02:12Z
odio odio elementum eu interdum eu tincidunt in leo maecenas pulvinar,congue etiam justo etiam pretium iaculis justo in hac habitasse platea dictumst,11.75,42.38,2022-10-08T01:52:25Z
ac est lacinia nisi venenatis tristique fusce congue diam id ornare imperdiet sapien urna,aliquet massa id lobortis convallis tortor risus dapibus augue vel accumsan,11.44,88.56,2022-04-01T09:32:49Z
in quam fringilla rhoncus mauris enim leo rhoncus sed vestibulum sit amet cursus id turpis,posuere cubilia curae mauris viverra diam vitae quam suspendisse potenti nullam porttitor,15.92,,2022-10-14T22:51:19Z
aenean sit amet justo morbi ut odio cras mi pede malesuada in imperdiet et commodo vulputate justo in blandit,ligula suspendisse ornare consequat lectus in est risus auctor sed tristique in tempus sit amet sem fusce,1.35,92.07,2022-04-25T11:16:58Z
quam fringilla rhoncus mauris enim leo rhoncus sed vestibulum sit amet cursus id turpis integer aliquet massa,pretium nisl ut volutpat sapien arcu sed augue aliquam erat volutpat in congue etiam justo etiam,18.13,,2022-03-19T12:49:08Z
sapien in sapien iaculis congue vivamus metus arcu adipiscing molestie hendrerit at vulputate vitae nisl aenean lectus pellentesque,dui maecenas tristique est et tempus semper est quam pharetra magna ac consequat metus sapien ut nunc vestibulum,11.93,26.58,2022-09-19T23:39:52Z
quisque ut erat curabitur gravida nisi at nibh in hac habitasse platea dictumst aliquam augue quam sollicitudin vitae consectetuer,vel ipsum praesent blandit lacinia erat vestibulum sed magna at nunc commodo placerat praesent blandit nam nulla integer,6.27,,2022-08-24T15:29:07Z
mattis pulvinar nulla pede ullamcorper augue a suscipit nulla elit ac nulla sed vel enim sit amet nunc viverra,blandit ultrices enim lorem ipsum dolor sit amet consectetuer adipiscing elit proin interdum mauris non ligula pellentesque,1.43,,2022-02-20T20:35:41Z
lacinia sapien quis libero nullam sit amet turpis elementum ligula vehicula consequat morbi a ipsum integer a,est phasellus sit amet erat nulla tempus vivamus in felis eu sapien cursus vestibulum proin eu mi,13.68,67.01,2022-04-23T04:04:41Z
amet cursus id turpis integer aliquet massa id lobortis convallis tortor risus dapibus augue vel accumsan tellus nisi eu orci,nam dui proin leo odio porttitor id consequat in consequat ut nulla sed accumsan felis ut,13.28,64.07,2022-03-05T01:38:38Z
id consequat in consequat ut nulla sed accumsan felis ut at dolor quis odio consequat varius,platea dictumst morbi vestibulum velit id pretium iaculis diam erat fermentum,16.61,,2022-09-13T17:04:49Z
vel augue vestibulum ante ipsum primis in faucibus orci luctus et ultrices posuere cubilia curae donec pharetra magna,posuere nonummy integer non velit donec diam neque vestibulum eget vulputate ut ultrices vel augue vestibulum ante ipsum,8.12,,2022-02-06T09:39:38Z
sit amet eleifend pede libero quis orci nullam molestie nibh,quam sapien varius ut blandit non interdum in ante vestibulum ante ipsum primis in faucibus orci luctus et ultrices posuere,11.44,87.65,2022-09-10T22:28:12Z
interdum eu tincidunt in leo maecenas pulvinar lobortis est phasellus sit,ligula sit amet eleifend pede libero quis orci nullam molestie nibh,19.69,,2022-08-25T12:45:37Z
sollicitudin vitae consectetuer eget rutrum at lorem integer tincidunt ante vel ipsum praesent blandit lacinia,volutpat in congue etiam justo etiam pretium iaculis justo in hac habitasse platea dictumst etiam faucibus cursus urna ut tellus,18.29,,2022-07-09T05:43:58Z
consequat nulla nisl nunc nisl duis bibendum felis sed interdum venenatis turpis enim blandit mi in,quisque porta volutpat erat quisque erat eros viverra eget congue eget semper rutrum nulla nunc purus,15.92,99.49,2022-07-13T08:54:02Z
duis at velit eu est congue elementum in hac habitasse platea dictumst morbi vestibulum velit,congue vivamus metus arcu adipiscing molestie hendrerit at vulputate vitae,12.4,,2022-01-10T22:31:08Z
donec ut dolor morbi vel lectus in quam fringilla rhoncus mauris enim leo rhoncus,sociis natoque penatibus et magnis dis parturient montes nascetur ridiculus mus etiam vel augue vestibulum rutrum rutrum neque aenean,15.83,,2022-08-28T05:33:28Z
ut tellus nulla ut erat id mauris vulputate elementum nullam varius nulla,ac enim in tempor turpis nec euismod scelerisque quam turpis,12.27,,2021-12-20T03:40:53Z
sit amet nunc viverra dapibus nulla suscipit ligula in lacus curabitur at ipsum ac tellus semper interdum mauris ullamcorper purus,aliquet pulvinar sed nisl nunc rhoncus dui vel sem sed sagittis nam congue risus semper porta volutpat quam pede,14.45,,2021-11-19T18:12:00Z
est congue elementum in hac habitasse platea dictumst morbi vestibulum velit id pretium iaculis diam,nunc proin at turpis a pede posuere nonummy integer non velit donec diam neque vestibulum eget vulputate,17.64,44.55,2022-07-21T19:32:40Z
ipsum aliquam non mauris morbi non lectus aliquam sit amet diam in magna bibendum imperdiet nullam orci pede venenatis,luctus et ultrices posuere cubilia curae mauris viverra diam vitae quam suspendisse,3.95,97.28,2022-02-26T11:46:27Z
aliquet ultrices erat tortor sollicitudin mi sit amet lobortis sapien sapien non mi integer ac neque,id massa id nisl venenatis lacinia aenean sit amet justo morbi ut odio cras mi pede,14.81,,2022-04-02T19:24:50Z
duis faucibus accumsan odio curabitur convallis duis consequat dui nec nisi volutpat eleifend,quis augue luctus tincidunt nulla mollis molestie lorem quisque ut erat curabitur gravida nisi at,1.4,,2022-06-26T20:54:16Z
quam sapien varius ut blandit non interdum in ante vestibulum ante ipsum primis in faucibus orci luctus et,elit ac nulla sed vel enim sit amet nunc viverra dapibus nulla suscipit ligula in lacus curabitur at ipsum ac,8.15,,2022-09-04T23:41:19Z
sit amet cursus id turpis integer aliquet massa id lobortis convallis tortor risus dapibus,laoreet ut rhoncus aliquet pulvinar sed nisl nunc rhoncus dui vel sem,2.25,,2022-09-20T11:34:17Z
curabitur gravida nisi at nibh in hac habitasse platea dictumst aliquam augue quam sollicitudin vitae consectetuer eget rutrum at lorem,a libero nam dui proin leo odio porttitor id consequat in,10.96,50.78,2022-05-02T10:19:32Z
natoque penatibus et magnis dis parturient montes nascetur ridiculus mus vivamus vestibulum sagittis sapien cum sociis natoque penatibus et magnis,cubilia curae duis faucibus accumsan odio curabitur convallis duis consequat dui nec nisi,10.6,,2022-08-01T05:39:01Z
amet diam in magna bibendum imperdiet nullam orci pede venenatis,amet consectetuer adipiscing elit proin interdum mauris non ligula pellentesque ultrices phasellus id sapien in sapien iaculis congue vivamus metus,8.96,27.21,2022-01-13T23:04:35Z
lectus in quam fringilla rhoncus mauris enim leo rhoncus sed vestibulum sit amet cursus id turpis,dui vel nisl duis ac nibh fusce lacus purus aliquet at feugiat non pretium quis lectus suspendisse potenti in eleifend,7.32,,2022-06-26T07:45:25Z
congue elementum in hac habitasse platea dictumst morbi vestibulum velit id pretium iaculis diam erat fermentum justo nec,dis parturient montes nascetur ridiculus mus vivamus vestibulum sagittis sapien cum sociis natoque penatibus,15.11,65.95,2022-09-30T09:23:49Z
nisl ut volutpat sapien arcu sed augue aliquam erat volutpat in congue etiam,vel est donec odio justo sollicitudin ut suscipit a feugiat et eros vestibulum ac est lacinia nisi venenatis tristique fusce,4.77,,2022-09-16T06:19:34Z
pharetra magna vestibulum aliquet ultrices erat tortor sollicitudin mi sit amet lobortis,tellus nisi eu orci mauris lacinia sapien quis libero nullam sit amet turpis elementum ligula vehicula,18.69,,2022-11-06T18:51:37Z
proin at turpis a pede posuere nonummy integer non velit donec diam neque vestibulum eget,augue vestibulum rutrum rutrum neque aenean auctor gravida sem praesent id massa id nisl venenatis lacinia aenean sit amet justo,10.87,,2022-09-20T13:36:24Z
cras non velit nec nisi vulputate nonummy maecenas tincidunt lacus at velit vivamus,curae nulla dapibus dolor vel est donec odio justo sollicitudin ut suscipit a feugiat et eros vestibulum ac,2.11,40.16,2022-07-03T06:51:30Z
ac diam cras pellentesque volutpat dui maecenas tristique est et tempus semper est quam pharetra,quam pede lobortis ligula sit amet eleifend pede libero quis orci nullam,10.27,51.92,2022-10-28T06:01:45Z
ipsum primis in faucibus orci luctus et ultrices posuere cubilia curae duis,sed augue aliquam erat volutpat in congue etiam justo etiam pretium iaculis justo in hac habitasse platea dictumst etiam,6.7,95.64,2022-10-26T19:48:23Z
in hac habitasse platea dictumst etiam faucibus cursus urna ut tellus nulla ut erat,mauris morbi non lectus aliquam sit amet diam in magna bibendum imperdiet nullam orci,6.48,33.58,2022-01-09T06:29:00Z
vulputate vitae nisl aenean lectus pellentesque eget nunc donec quis orci eget orci vehicula condimentum curabitur in libero,vestibulum velit id pretium iaculis diam erat fermentum justo nec condimentum,9.22,65.22,2021-12-16T05:28:24Z
adipiscing elit proin interdum mauris non ligula pellentesque ultrices phasellus id sapien in,id nisl venenatis lacinia aenean sit amet justo morbi ut odio,7.36,69.22,2021-12-04T05:50:40Z
integer ac neque duis bibendum morbi non quam nec dui luctus rutrum nulla tellus in sagittis dui vel nisl duis,in est risus auctor sed tristique in tempus sit amet sem fusce consequat nulla,9.91,,2022-08-06T15:36:45Z
massa tempor convallis nulla neque libero convallis eget eleifend luctus ultricies eu nibh quisque id justo sit,quis libero nullam sit amet turpis elementum ligula vehicula consequat morbi a ipsum integer,19.02,,2022-06-03T17:08:42Z
ultrices posuere cubilia curae donec pharetra magna vestibulum aliquet ultrices erat tortor sollicitudin mi sit amet lobortis sapien sapien,hac habitasse platea dictumst aliquam augue quam sollicitudin vitae consectetuer eget rutrum at lorem,7.53,33.78,2021-12-24T07:20:10Z
leo rhoncus sed vestibulum sit amet cursus id turpis integer aliquet massa id lobortis convallis tortor risus dapibus augue,diam in magna bibendum imperdiet nullam orci pede venenatis non sodales sed tincidunt eu felis fusce posuere felis sed lacus,1.42,,2022-04-03T00:14:22Z
massa donec dapibus duis at velit eu est congue elementum in hac,nullam sit amet turpis elementum ligula vehicula consequat morbi a ipsum integer a,10.84,,2022-02-24T13:42:10Z
rutrum neque aenean auctor gravida sem praesent id massa id nisl,ante vel ipsum praesent blandit lacinia erat vestibulum sed magna,4.06,,2022-01-28T17:47:29Z
rhoncus aliquam lacus morbi quis tortor id nulla ultrices aliquet maecenas leo odio condimentum id luctus,nulla elit ac nulla sed vel enim sit amet nunc viverra dapibus nulla suscipit ligula in lacus,13.42,93.86,2022-08-09T23:55:04Z
eu est congue elementum in hac habitasse platea dictumst morbi,in leo maecenas pulvinar lobortis est phasellus sit amet erat nulla tempus vivamus in felis eu,6.84,,2022-07-05T18:42:32Z
at lorem integer tincidunt ante vel ipsum praesent blandit lacinia erat vestibulum sed magna at,vivamus tortor duis mattis egestas metus aenean fermentum donec ut mauris eget massa tempor convallis,2.81,36.05,2022-02-26T09:48:53Z
molestie hendrerit at vulputate vitae nisl aenean lectus pellentesque eget nunc donec quis,vulputate luctus cum sociis natoque penatibus et magnis dis parturient montes nascetur ridiculus mus vivamus vestibulum sagittis sapien cum sociis,9.03,,2022-10-15T18:59:24Z
amet diam in magna bibendum imperdiet nullam orci pede venenatis non sodales sed tincidunt eu felis fusce,venenatis tristique fusce congue diam id ornare imperdiet sapien urna pretium nisl ut volutpat sapien,8.13,53.47,2022-04-10T02:46:42Z
magna at nunc commodo placerat praesent blandit nam nulla integer pede justo lacinia eget tincidunt eget tempus vel pede morbi,placerat praesent blandit nam nulla integer pede justo lacinia eget tincidunt eget tempus vel pede morbi porttitor lorem id,19.16,,2021-11-09T14:38:27Z
integer tincidunt ante vel ipsum praesent blandit lacinia erat vestibulum sed magna at nunc commodo,sit amet consectetuer adipiscing elit proin interdum mauris non ligula pellentesque ultrices phasellus id sapien in sapien iaculis congue vivamus,12.09,28.25,2022-09-26T20:24:56Z
dolor sit amet consectetuer adipiscing elit proin interdum mauris non ligula pellentesque ultrices phasellus id sapien in sapien iaculis congue,maecenas pulvinar lobortis est phasellus sit amet erat nulla tempus vivamus in,10.49,27.08,2022-11-04T19:06:32Z
phasellus id sapien in sapien iaculis congue vivamus metus arcu adipiscing molestie,fusce lacus purus aliquet at feugiat non pretium quis lectus suspendisse,3.13,36.9,2022-06-09T04:42:18Z
aliquam augue quam sollicitudin vitae consectetuer eget rutrum at lorem integer tincidunt ante vel ipsum praesent blandit lacinia erat vestibulum,at velit eu est congue elementum in hac habitasse platea dictumst morbi vestibulum velit id pretium iaculis diam erat fermentum,8.47,70.17,2022-01-04T20:47:15Z
luctus tincidunt nulla mollis molestie lorem quisque ut erat curabitur gravida nisi at nibh in hac,mauris vulputate elementum nullam varius nulla facilisi cras non velit nec,9.78,,2022-02-11T22:43:31Z
et magnis dis parturient montes nascetur ridiculus mus etiam vel augue vestibulum rutrum rutrum neque,habitasse platea dictumst etiam faucibus cursus urna ut tellus nulla ut erat id,19.92,,2022-09-01T04:07:07Z
luctus et ultrices posuere cubilia curae donec pharetra magna vestibulum,lobortis sapien sapien non mi integer ac neque duis bibendum morbi non quam nec dui luctus rutrum nulla tellus in,5.38,,2021-11-26T06:28:11Z
lacus at turpis donec posuere metus vitae ipsum aliquam non mauris morbi non lectus aliquam sit amet diam in,platea dictumst morbi vestibulum velit id pretium iaculis diam erat fermentum justo nec condimentum neque sapien placerat ante,19.14,,2022-03-10T10:31:12Z
amet consectetuer adipiscing elit proin risus praesent lectus vestibulum quam sapien,non sodales sed tincidunt eu felis fusce posuere felis sed lacus morbi sem mauris laoreet ut rhoncus aliquet pulvinar,3.1,,2022-07-08T23:10:58Z
sit amet diam in magna bibendum imperdiet nullam orci pede venenatis non sodales,nisl duis ac nibh fusce lacus purus aliquet at feugiat non pretium quis lectus suspendisse,13.69,,2021-12-19T17:12:42Z
quis turpis eget elit sodales scelerisque mauris sit amet eros suspendisse accumsan,leo pellentesque ultrices mattis odio donec vitae nisi nam ultrices libero non mattis pulvinar,7.64,,2022-06-02T06:26:34Z
justo in blandit ultrices enim lorem ipsum dolor sit amet consectetuer adipiscing elit proin interdum,nunc rhoncus dui vel sem sed sagittis nam congue risus semper porta volutpat quam pede lobortis ligula sit amet,2.43,,2022-02-07T02:19:23Z
nulla mollis molestie lorem quisque ut erat curabitur gravida nisi at nibh in hac habitasse platea dictumst,aenean lectus pellentesque eget nunc donec quis orci eget orci vehicula condimentum curabitur,4.47,,2022-04-21T20:15:15Z
id ornare imperdiet sapien urna pretium nisl ut volutpat sapien arcu sed augue aliquam erat volutpat in congue etiam justo,enim sit amet nunc viverra dapibus nulla suscipit ligula in lacus curabitur at ipsum ac,12.7,31.7,2022-09-22T10:08:59Z
maecenas leo odio condimentum id luctus nec molestie sed justo pellentesque viverra pede ac,integer ac leo pellentesque ultrices mattis odio donec vitae nisi nam ultrices,16.88,,2022-11-03T22:03:31Z
praesent blandit lacinia erat vestibulum sed magna at nunc commodo placerat praesent,ac enim in tempor turpis nec euismod scelerisque quam turpis adipiscing lorem vitae,4.79,41.52,2022-02-22T02:32:49Z
id lobortis convallis tortor risus dapibus augue vel accumsan tellus nisi eu,dapibus duis at velit eu est congue elementum in hac habitasse platea dictumst morbi vestibulum velit id pretium iaculis,2.52,32.29,2021-11-02T02:24:36Z
nunc vestibulum ante ipsum primis in faucibus orci luctus et ultrices posuere cubilia curae mauris,eu tincidunt in leo maecenas pulvinar lobortis est phasellus sit amet erat nulla tempus vivamus,9.91,,2022-04-15T14:45:33Z
in tempor turpis nec euismod scelerisque quam turpis adipiscing lorem vitae mattis nibh ligula nec sem duis aliquam convallis nunc,consequat varius integer ac leo pellentesque ultrices mattis odio donec,10.83,91.58,2022-01-26T10:04:55Z
volutpat erat quisque erat eros viverra eget congue eget semper rutrum,semper rutrum nulla nunc purus phasellus in felis donec semper sapien a libero nam dui proin leo,16.71,41.32,2022-08-29T15:14:22Z
nulla suspendisse potenti cras in purus eu magna vulputate luctus cum sociis natoque penatibus et magnis dis parturient montes,lorem integer tincidunt ante vel ipsum praesent blandit lacinia erat vestibulum sed magna at nunc,10.1,,2022-04-15T22:29:09Z
