username,seller,pass,email
omoreland0,true,q68eG3NP,tthrussell0@wordpress.com
acratchley1,true,RhDgL9jDVZ,lgepheart1@reverbnation.com
mboyde2,false,CIgdCC5pMMZK,mjeannin2@unblog.fr
fbeniesh3,true,LIZDa6ucl,lpyott3@home.pl
mdaniells4,false,uIoaBOrOCn,afountian4@qq.com
wkibbey5,true,KylG3T84h,lsmallpeace5@pagesperso-orange.fr
sbown6,true,CkeWyGDaQyM,acarlozzi6@oaic.gov.au
dgovett7,false,T56gaL,hcurneen7@cafepress.com
bfain8,false,SFkrP5zI,kropp8@etsy.com
hdescoffier9,false,MgBIkFjNd,fstallibrass9@joomla.org
dgockea,false,peWPCTpRy,wmcomisha@discovery.com
mgravenallb,true,sDoK0f4DyF,mscanterburyb@devhub.com
dpotteridgec,false,5YiJ3H,alowlessc@scientificamerican.com
fcardnelld,true,V6fE9MpD,dneyd@blog.com
cfarryanne,true,1GJ20WFISsJg,kdutchburne@eepurl.com
tseggief,false,TGZcy9i,sdouthwaitef@goodreads.com
lbadcockg,true,9KVEf7Nkmzs,bmacbarrong@usnews.com
jrijkeseish,true,WbkaiuD,bforsythh@aboutads.info
hchelli,false,BvWgUc,smivali@infoseek.co.jp
charvardj,false,rjEFXYA68V4,bpetigrewj@apache.org
gmatyugink,false,zx3CGnOJRgM,sgobelk@wikia.com
gpenberthyl,true,u1YU9Vaj9,bprandonil@privacy.gov.au
caspym,true,7YpWAJjBBza,nmaystonm@oracle.com
ichancellorn,false,u9t3Zxd79fy,jbannelln@ask.com
tstraseo,true,dbskzfBXI,hgrombridgeo@stanford.edu
lklimasp,false,m2vX3Na93Ax,mvolksp@xrea.com
rchesserq,false,Qrn7GCRNtf,agraftonq@gov.uk
shogganr,true,Uk5Uf9ePTO,ddrewsr@github.io
wlevicks,false,16HUfGddDkML,ldeboys@domainmarket.com
ccursonst,false,H5Qe7S9lqfP,lhadnyt@joomla.org
psemkenu,false,vytuuA,mduddleu@ibm.com
abiernackiv,true,MaXjhOeRU,kalessandrelliv@usa.gov
kpipworthw,true,9LqEJ4d,eravillasw@bravesites.com
cgomeryx,true,OS7mjeHQ2,vbroddlex@cpanel.net
gburryy,false,RsUJiW,mfitzgeraldy@themeforest.net
clawtiez,false,EL5cTq,vbuchez@oaic.gov.au
cspurden10,true,jNmZysJKY8bw,aolifaunt10@eventbrite.com
thorley11,false,oIaMFt,jdurban11@wikimedia.org
krepp12,true,QH9A6oa4H4,kguerreau12@tumblr.com
tguilayn13,true,zAT9he2LJMk,rclougher13@apple.com
ehames14,true,ubnY3NBk7,klupson14@spotify.com
ifrench15,true,ty7Yx8,vworley15@mac.com
bcosta16,false,qXEgcUjOna,atumasian16@harvard.edu
sgloyens17,true,J4cfiF,dpeat17@mysql.com
bgeldert18,true,ZjrvXLn9nzg,rbrotherheed18@hud.gov
fmyhan19,false,R7cvUpirYO,bclampett19@statcounter.com
ecruft1a,true,T9iVbUbu,djurisch1a@ovh.net
ihulland1b,true,DF1pdJoN0,ggierok1b@tiny.cc
nfritche1c,false,she2kjVs,erizzo1c@tamu.edu
cramsier1d,true,57tKQQNTXxMT,kbluett1d@va.gov
